{"position": {"y": -0.001492537219663033, "x": 0.9840871195502036, "z": 0.138}, "orientation": {"y": 0.0, "x": 0.0, "z": 0.9996588869033735, "w": -0.026117232531575604}}
