{"pose": {"position": {"y": 0.5005805881310753, "x": -0.894071090084891, "z": 0.0}, "orientation": {"y": 0.0, "x": 0.0, "z": 0.6949564316260172, "w": 0.7190518466297356}}, "id": "2019-04-11_15:59:54", "name": "rcpeai119_4_4_15_59_53"}
